<?xml version="1.0" encoding="utf-8"?>
<!-- Copyright Nova Code (http://www.novacode.nl)
See LICENSE file for full licensing details. -->

<odoo>
    <data noupdate="1">
        <record id="formio_res_model_sale_order" model="formio.res.model">
            <field name="ir_model_id" ref="sale.model_sale_order"/>
        </record>
        
        <record id="formio_builder_sale_demo" model="formio.builder">
            <field name="name">sale_demo_1</field>
            <field name="title">Demo Sale 1</field>
            <field name="formio_version_id" ref="formio.version_dummy"/>
            <field name="formio_res_model_id" ref="formio_sale.formio_res_model_sale_order"/>
            <field name="schema">{"components": [{"label": "Columns", "columns": [{"components": [{"label": "Sale Order", "labelPosition": "top", "placeholder": "", "description": "", "tooltip": "", "prefix": "", "suffix": "", "widget": {"type": "input"}, "inputMask": "", "allowMultipleMasks": false, "customClass": "", "tabindex": "", "hidden": false, "hideLabel": false, "showWordCount": false, "showCharCount": false, "mask": false, "autofocus": false, "spellcheck": true, "disabled": true, "tableView": true, "modalEdit": false, "multiple": false, "persistent": true, "inputFormat": "plain", "protected": false, "dbIndex": false, "case": "", "encrypted": false, "redrawOn": "", "clearOnHide": true, "customDefaultValue": "", "calculateValue": "", "calculateServer": false, "allowCalculateOverride": false, "validateOn": "change", "validate": {"required": false, "pattern": "", "customMessage": "", "custom": "", "customPrivate": false, "json": "", "minLength": "", "maxLength": "", "strictDateValidation": false, "multiple": false, "unique": false}, "unique": false, "errorLabel": "", "key": "saleOrder", "tags": [], "properties": {"res_field": "name"}, "conditional": {"show": null, "when": null, "eq": "", "json": ""}, "customConditional": "", "logic": [], "attributes": {}, "overlay": {"style": "", "page": "", "left": "", "top": "", "width": "", "height": ""}, "type": "textfield", "alwaysEnabled": false, "input": true, "hideOnChildrenHidden": false, "refreshOn": "", "inputType": "text", "id": "e04ohlm", "defaultValue": "", "dataGridLabel": false, "addons": [], "displayMask": "", "truncateMultipleSpaces": false}], "width": 6, "offset": 0, "push": 0, "pull": 0, "size": "md", "currentWidth": 6}, {"components": [{"label": "Customer", "labelPosition": "top", "placeholder": "", "description": "", "tooltip": "", "prefix": "", "suffix": "", "widget": {"type": "input"}, "inputMask": "", "allowMultipleMasks": false, "customClass": "", "tabindex": "", "hidden": false, "hideLabel": false, "showWordCount": false, "showCharCount": false, "mask": false, "autofocus": false, "spellcheck": true, "disabled": true, "tableView": true, "modalEdit": false, "multiple": false, "persistent": true, "inputFormat": "plain", "protected": false, "dbIndex": false, "case": "", "encrypted": false, "redrawOn": "", "clearOnHide": true, "customDefaultValue": "", "calculateValue": "", "calculateServer": false, "allowCalculateOverride": false, "validateOn": "change", "validate": {"required": false, "pattern": "", "customMessage": "", "custom": "", "customPrivate": false, "json": "", "minLength": "", "maxLength": "", "strictDateValidation": false, "multiple": false, "unique": false}, "unique": false, "errorLabel": "", "key": "Customer", "tags": [], "properties": {"res_field": "partner_id.name"}, "conditional": {"show": null, "when": null, "eq": "", "json": ""}, "customConditional": "", "logic": [], "attributes": {}, "overlay": {"style": "", "page": "", "left": "", "top": "", "width": "", "height": ""}, "type": "textfield", "alwaysEnabled": false, "input": true, "hideOnChildrenHidden": false, "refreshOn": "", "inputType": "text", "id": "e12wjgk", "defaultValue": "", "dataGridLabel": false, "addons": [], "displayMask": "", "truncateMultipleSpaces": false}], "width": 6, "offset": 0, "push": 0, "pull": 0, "size": "md", "currentWidth": 6}], "key": "columns", "type": "columns", "input": false, "path": "columns", "placeholder": "", "prefix": "", "customClass": "", "suffix": "", "multiple": false, "defaultValue": null, "protected": false, "unique": false, "persistent": false, "hidden": false, "clearOnHide": false, "refreshOn": "", "redrawOn": "", "tableView": false, "modalEdit": false, "labelPosition": "top", "description": "", "errorLabel": "", "tooltip": "", "hideLabel": false, "tabindex": "", "disabled": false, "autofocus": false, "dbIndex": false, "customDefaultValue": "", "calculateValue": "", "widget": null, "attributes": {}, "validateOn": "change", "validate": {"required": false, "custom": "", "customPrivate": false, "strictDateValidation": false, "multiple": false, "unique": false}, "conditional": {"show": null, "when": null, "eq": ""}, "overlay": {"style": "", "left": "", "top": "", "width": "", "height": ""}, "allowCalculateOverride": false, "encrypted": false, "showCharCount": false, "showWordCount": false, "properties": {}, "allowMultipleMasks": false, "tree": false, "autoAdjust": false, "hideOnChildrenHidden": false, "id": "e5qgthq", "dataGridLabel": false, "calculateServer": false, "addons": [], "lazyLoad": false}, {"label": "Order Lines", "labelPosition": "top", "description": "", "tooltip": "", "disableAddingRemovingRows": true, "reorder": false, "addAnother": "", "addAnotherPosition": "bottom", "defaultOpen": true, "layoutFixed": false, "enableRowGroups": false, "customClass": "", "tabindex": "", "hidden": false, "hideLabel": false, "autofocus": false, "disabled": false, "tableView": false, "modalEdit": false, "defaultValue": [{"product_id__name": "", "checkbox": false, "product": ""}], "persistent": true, "protected": false, "dbIndex": false, "encrypted": false, "redrawOn": "", "clearOnHide": true, "customDefaultValue": "", "calculateValue": "", "calculateServer": false, "allowCalculateOverride": false, "validateOn": "change", "validate": {"required": false, "customMessage": "", "custom": "", "customPrivate": false, "json": "", "strictDateValidation": false, "multiple": false, "unique": false}, "unique": false, "errorLabel": "", "key": "orderLines", "tags": [], "properties": {"res_field": "order_line"}, "conditional": {"show": null, "when": null, "eq": "", "json": ""}, "customConditional": "", "logic": [], "attributes": {}, "overlay": {"style": "", "page": "", "left": "", "top": "", "width": "", "height": ""}, "type": "datagrid", "input": true, "components": [{"label": "Product", "spellcheck": true, "disabled": true, "tableView": true, "calculateServer": false, "key": "product", "properties": {"res_field": "product_id.name"}, "type": "textfield", "input": true, "placeholder": "", "prefix": "", "customClass": "", "suffix": "", "multiple": false, "defaultValue": null, "protected": false, "unique": false, "persistent": true, "hidden": false, "clearOnHide": true, "refreshOn": "", "redrawOn": "", "modalEdit": false, "labelPosition": "top", "description": "", "errorLabel": "", "tooltip": "", "hideLabel": false, "tabindex": "", "autofocus": false, "dbIndex": false, "customDefaultValue": "", "calculateValue": "", "widget": {"type": "input"}, "attributes": {}, "validateOn": "change", "validate": {"required": false, "custom": "", "customPrivate": false, "strictDateValidation": false, "multiple": false, "unique": false, "minLength": "", "maxLength": "", "pattern": ""}, "conditional": {"show": null, "when": null, "eq": ""}, "overlay": {"style": "", "left": "", "top": "", "width": "", "height": ""}, "allowCalculateOverride": false, "encrypted": false, "showCharCount": false, "showWordCount": false, "allowMultipleMasks": false, "mask": false, "inputType": "text", "inputFormat": "plain", "inputMask": "", "id": "ekae2n000000", "dataGridLabel": false, "addons": [], "displayMask": "", "truncateMultipleSpaces": false}, {"label": "Quantity", "mask": false, "spellcheck": true, "disabled": true, "tableView": false, "delimiter": false, "requireDecimal": false, "inputFormat": "plain", "calculateServer": false, "key": "quantity", "properties": {"res_field": "product_uom_qty"}, "type": "number", "input": true, "placeholder": "", "prefix": "", "customClass": "", "suffix": "", "multiple": false, "defaultValue": null, "protected": false, "unique": false, "persistent": true, "hidden": false, "clearOnHide": true, "refreshOn": "", "redrawOn": "", "modalEdit": false, "labelPosition": "top", "description": "", "errorLabel": "", "tooltip": "", "hideLabel": false, "tabindex": "", "autofocus": false, "dbIndex": false, "customDefaultValue": "", "calculateValue": "", "widget": {"type": "input"}, "attributes": {}, "validateOn": "change", "validate": {"required": false, "custom": "", "customPrivate": false, "strictDateValidation": false, "multiple": false, "unique": false, "min": "", "max": "", "step": "any", "integer": ""}, "conditional": {"show": null, "when": null, "eq": ""}, "overlay": {"style": "", "left": "", "top": "", "width": "", "height": ""}, "allowCalculateOverride": false, "encrypted": false, "showCharCount": false, "showWordCount": false, "allowMultipleMasks": false, "id": "ewyxz89000000", "dataGridLabel": false, "addons": []}, {"label": "Price", "mask": false, "spellcheck": true, "disabled": true, "tableView": false, "currency": "USD", "inputFormat": "plain", "calculateServer": false, "key": "price", "properties": {"res_field": "price_unit"}, "type": "currency", "input": true, "delimiter": true, "placeholder": "", "prefix": "", "customClass": "", "suffix": "", "multiple": false, "defaultValue": null, "protected": false, "unique": false, "persistent": true, "hidden": false, "clearOnHide": true, "refreshOn": "", "redrawOn": "", "modalEdit": false, "labelPosition": "top", "description": "", "errorLabel": "", "tooltip": "", "hideLabel": false, "tabindex": "", "autofocus": false, "dbIndex": false, "customDefaultValue": "", "calculateValue": "", "widget": {"type": "input"}, "attributes": {}, "validateOn": "change", "validate": {"required": false, "custom": "", "customPrivate": false, "strictDateValidation": false, "multiple": false, "unique": false, "min": "", "max": "", "step": "any", "integer": ""}, "conditional": {"show": null, "when": null, "eq": ""}, "overlay": {"style": "", "left": "", "top": "", "width": "", "height": ""}, "allowCalculateOverride": false, "encrypted": false, "showCharCount": false, "showWordCount": false, "allowMultipleMasks": false, "id": "eaejs8v000000", "dataGridLabel": false, "addons": []}, {"label": "Check on Delivery", "defaultValue": false, "key": "checkbox", "type": "checkbox", "input": true, "tableView": false, "placeholder": "", "prefix": "", "customClass": "", "suffix": "", "multiple": false, "protected": false, "unique": false, "persistent": true, "hidden": false, "clearOnHide": true, "refreshOn": "", "redrawOn": "", "modalEdit": false, "labelPosition": "right", "description": "", "errorLabel": "", "tooltip": "", "hideLabel": false, "tabindex": "", "disabled": false, "autofocus": false, "dbIndex": false, "customDefaultValue": "", "calculateValue": "", "widget": null, "attributes": {}, "validateOn": "change", "validate": {"required": false, "custom": "", "customPrivate": false, "strictDateValidation": false, "multiple": false, "unique": false}, "conditional": {"show": null, "when": null, "eq": ""}, "overlay": {"style": "", "left": "", "top": "", "width": "", "height": ""}, "allowCalculateOverride": false, "encrypted": false, "showCharCount": false, "showWordCount": false, "properties": {}, "allowMultipleMasks": false, "inputType": "checkbox", "dataGridLabel": true, "value": "", "name": "", "id": "eaucuv000000", "calculateServer": false, "addons": []}], "path": "orderLines1", "placeholder": "", "prefix": "", "suffix": "", "multiple": false, "refreshOn": "", "widget": null, "showCharCount": false, "showWordCount": false, "allowMultipleMasks": false, "tree": true, "id": "eatiq6b", "dataGridLabel": false, "addons": [], "lazyLoad": false}, {"label": "Comments", "labelPosition": "top", "placeholder": "", "description": "", "tooltip": "", "prefix": "", "suffix": "", "widget": {"type": "input"}, "displayMask": "", "editor": "", "autoExpand": false, "customClass": "", "tabindex": "", "autocomplete": "", "hidden": false, "hideLabel": false, "showWordCount": false, "showCharCount": false, "autofocus": false, "spellcheck": true, "disabled": false, "tableView": true, "modalEdit": false, "multiple": false, "persistent": true, "inputFormat": "html", "protected": false, "dbIndex": false, "case": "", "truncateMultipleSpaces": false, "encrypted": false, "redrawOn": "", "clearOnHide": true, "customDefaultValue": "", "calculateValue": "", "calculateServer": false, "allowCalculateOverride": false, "validateOn": "change", "validate": {"required": false, "pattern": "", "customMessage": "", "custom": "", "customPrivate": false, "json": "", "minLength": "", "maxLength": "", "minWords": "", "maxWords": "", "strictDateValidation": false, "multiple": false, "unique": false}, "unique": false, "errorLabel": "", "errors": "", "key": "comments", "tags": [], "properties": {}, "conditional": {"show": null, "when": null, "eq": "", "json": ""}, "customConditional": "", "logic": [], "attributes": {}, "overlay": {"style": "", "page": "", "left": "", "top": "", "width": "", "height": ""}, "type": "textarea", "rows": 3, "wysiwyg": false, "input": true, "refreshOn": "", "dataGridLabel": false, "allowMultipleMasks": false, "addons": [], "mask": false, "inputType": "text", "inputMask": "", "fixedSize": true, "id": "exw0bmi", "defaultValue": ""}, {"label": "Columns", "columns": [{"components": [{"label": "Save as Draft", "action": "saveState", "showValidations": false, "theme": "secondary", "size": "md", "block": false, "leftIcon": "", "rightIcon": "", "shortcut": "", "description": "", "tooltip": "", "customClass": "", "tabindex": "", "disableOnInvalid": false, "hidden": false, "autofocus": false, "disabled": false, "alwaysEnabled": false, "tableView": true, "key": "saveDraft", "tags": "", "properties": {"submit": "false"}, "conditional": {"show": "", "when": "", "eq": "", "json": ""}, "customConditional": "", "logic": [], "attributes": {}, "overlay": {"style": "", "page": "", "left": "", "top": "", "width": "", "height": ""}, "type": "button", "mask": false, "input": true, "defaultValue": false, "validate": {"customMessage": "", "json": "", "required": false, "custom": "", "customPrivate": false, "strictDateValidation": false, "multiple": false, "unique": false}, "state": "draft", "event": "", "url": "", "custom": "", "reorder": false, "encrypted": false, "hideOnChildrenHidden": false, "placeholder": "", "prefix": "", "suffix": "", "multiple": false, "protected": false, "unique": false, "persistent": false, "clearOnHide": true, "refreshOn": "", "redrawOn": "", "labelPosition": "top", "errorLabel": "", "hideLabel": false, "dbIndex": false, "customDefaultValue": "", "calculateValue": "", "widget": {"type": "input"}, "validateOn": "change", "allowCalculateOverride": false, "showCharCount": false, "showWordCount": false, "allowMultipleMasks": false, "dataGridLabel": true, "id": "elz9mhk", "modalEdit": false, "calculateServer": false, "addons": []}], "width": 3, "offset": 0, "push": 0, "pull": 0, "type": "column", "input": false, "hideOnChildrenHidden": false, "key": "column", "tableView": true, "label": "Column", "size": "md", "currentWidth": 3}, {"components": [{"type": "button", "label": "Submit", "key": "submit", "disableOnInvalid": true, "theme": "primary", "input": true, "tableView": true, "hideOnChildrenHidden": false, "placeholder": "", "prefix": "", "customClass": "", "suffix": "", "multiple": false, "defaultValue": null, "protected": false, "unique": false, "persistent": false, "hidden": false, "clearOnHide": true, "refreshOn": "", "redrawOn": "", "labelPosition": "top", "description": "", "errorLabel": "", "tooltip": "", "hideLabel": false, "tabindex": "", "disabled": false, "autofocus": false, "dbIndex": false, "customDefaultValue": "", "calculateValue": "", "widget": {"type": "input"}, "attributes": {}, "validateOn": "change", "validate": {"required": false, "custom": "", "customPrivate": false, "strictDateValidation": false, "multiple": false, "unique": false}, "conditional": {"show": null, "when": null, "eq": ""}, "overlay": {"style": "", "left": "", "top": "", "width": "", "height": ""}, "allowCalculateOverride": false, "encrypted": false, "alwaysEnabled": false, "showCharCount": false, "showWordCount": false, "properties": {}, "allowMultipleMasks": false, "size": "md", "leftIcon": "", "rightIcon": "", "block": false, "action": "submit", "dataGridLabel": true, "id": "e8g564b", "modalEdit": false, "calculateServer": false, "addons": []}], "width": 2, "offset": 0, "push": 0, "pull": 0, "type": "column", "input": false, "hideOnChildrenHidden": false, "key": "column", "tableView": true, "label": "Column", "size": "md", "currentWidth": 2}], "mask": false, "type": "columns", "input": false, "key": "columns2", "reorder": false, "path": "columns2", "placeholder": "", "prefix": "", "customClass": "", "suffix": "", "multiple": false, "defaultValue": null, "protected": false, "unique": false, "persistent": false, "hidden": false, "clearOnHide": false, "refreshOn": "", "redrawOn": "", "tableView": false, "modalEdit": false, "labelPosition": "top", "description": "", "errorLabel": "", "tooltip": "", "hideLabel": false, "tabindex": "", "disabled": false, "autofocus": false, "dbIndex": false, "customDefaultValue": "", "calculateValue": "", "widget": null, "attributes": {}, "validateOn": "change", "validate": {"required": false, "custom": "", "customPrivate": false, "strictDateValidation": false, "multiple": false, "unique": false}, "conditional": {"show": null, "when": null, "eq": ""}, "overlay": {"style": "", "left": "", "top": "", "width": "", "height": ""}, "allowCalculateOverride": false, "encrypted": false, "showCharCount": false, "showWordCount": false, "properties": {}, "allowMultipleMasks": false, "tree": false, "autoAdjust": false, "hideOnChildrenHidden": false, "id": "emxbkw", "dataGridLabel": false, "calculateServer": false, "addons": [], "lazyLoad": false}]}</field>
        </record>
    </data>
</odoo>
